<?xml version="1.0" encoding="UTF-8" standalone="yes"?>
<addon id="repository.zidervision" version="1.0.0" name="ZiderVision Repo" provider-name="Zider">
    <extension point="xbmc.addon.repository" name="ZiderVision Repository">
        <dir>
    <info compressed="false">https://raw.githubusercontent.com/vzoli1987/repository.zidervision/main/addons.xml</info>
    <checksum>https://raw.githubusercontent.com/vzoli1987/repository.zidervision/main/addons.xml.md5</checksum>
    <datadir zip="true">https://raw.githubusercontent.com/vzoli1987/repository.zidervision/main/</datadir>
	</dir>
    </extension>
    <extension point="xbmc.addon.metadata">
        <summary>ZiderVision kiegészítők</summary>
        <description>Magyar nyelvű videós kiegészítők tárolója. A telepítés után elérhetővé válnak a frissítések a pluginokhoz.</description>
        <disclaimer>A kiegészítők tartalmáért a fejlesztő nem vállal felelősséget.</disclaimer>
        <platform>all</platform>
        <assets>
            <icon>icon.png</icon>
        </assets>
    </extension>
</addon>