<?xml version="1.0" encoding="UTF-8" standalone="yes"?>
<addon id="plugin.video.pornovegas" name="Porno.Vegas" version="1.0.0" provider-name="TeNeved">
    <requires>
        <import addon="xbmc.python" version="3.0.0"/>
        <import addon="script.module.requests" version="2.0.0"/>
	<import addon="script.module.beautifulsoup4" version="4.6.3"/>
    </requires>
    <extension point="xbmc.python.pluginsource" library="main.py">
        <provides>video</provides>
    </extension>
    <extension point="xbmc.addon.metadata">
        <summary lang="hu">Porno.Vegas Video Addon</summary>
        <description lang="hu">Böngéssz és nézz videókat a porno.vegas oldalról.</description>
        <platform>all</platform>
        <assets>
            <icon>icon.png</icon>
            <fanart>fanart.jpg</fanart>
        </assets>
    </extension>
</addon>