<?xml version="1.0" encoding="UTF-8" standalone="yes"?>
<addon id="plugin.video.awilime" name="Awilime.com" version="1.0.1" provider-name="ZiDERViSiON">
    <requires>
        <import addon="xbmc.python" version="3.0.0"/>
        <import addon="script.module.beautifulsoup4" version="4.6.2"/>
        <import addon="script.module.requests" version="2.22.0"/>
        
        <import addon="plugin.video.youtube" version="7.0.0"/>
        
        </requires>
    <extension point="xbmc.python.pluginsource" library="default.py">
        <provides>video</provides>
    </extension>
    <extension point="xbmc.addon.metadata">
        <summary lang="hu">Awilime műsorújság és előzetesek</summary>
        <description lang="hu">Böngéssz az awilime.com tematikus műsorai között, és nézd meg a filmek előzetesét közvetlenül a YouTube-on!</description>
        <language>hu</language>
        <platform>all</platform>
        <license>GPL-2.0-only</license>
        <assets>
            <icon>icon.png</icon>
            <fanart>fanart.jpg</fanart>
        </assets>
        <news>
1.0.1 - Színezett lista, csatorna nevek és javított trailer keresés.
        </news>
    </extension>
</addon>