<?xml version="1.0" encoding="UTF-8" standalone="yes"?>
<addon id="plugin.video.filmezzmozi" name="FilmezzMozi" version="1.0.0" provider-name="Saját">
    <requires>
        <import addon="xbmc.python" version="3.0.0"/>
        <import addon="script.module.resolveurl" version="5.0.00"/>
        <import addon="script.module.requests" version="2.25.1"/>
    </requires>
    <extension point="xbmc.python.pluginsource" library="main.py">
        <provides>video</provides>
    </extension>
    <extension point="xbmc.addon.metadata">
        <summary lang="hu">FilmezzMozi Kodi Addon</summary>
        <description lang="hu">Online filmek megtekintése a filmezzmozi.do.am oldalról.</description>
        <platform>all</platform>
    </extension>
</addon>